Name,Rating-5,Number of reviews,Description
Dynatrace,4.6,1538,Dynatrace exists to make the world’s software work perfectly. Our unified platform combines broad and deep observability and continuous runtime application security with the most advanced AIOps to provide answers and intelligent automation from data...
New Relic,4.5,1391,"New Relic is an AI-powered all-in-one observability platform giving engineers a single-source of data and insights across the stack. We break down the silos between data, teams, and tools to help businesses optimize uptime, boost..."
AppDynamics,4.5,984,"Splunk operates in the realm of digital security and observability to facilitate safer and more resilient digital infrastructures. The company delivers a unified platform equipped with capabilities to maintain the secure operations of an organization,..."
Datadog,4.4,781,"Datadog specializes in providing a comprehensive monitoring platform for cloud applications. It collects data from diverse sources such as servers, containers, databases, and third-party services, aiming to make the stack fully observable. By offering these..."
Amazon CloudWatch,4.5,563,"Amazon Web Services (AWS), established in 2006, is focused on providing essential infrastructure services to businesses globally in the form of cloud computing. The key advantage offered through cloud computing, particularly via AWS, is its..."
ManageEngine Applications Manager,4.6,431,"As the enterprise IT management division of Zoho Corp., ManageEngine empowers you to take control of your IT, from your security, networks, and servers to your applications, service desk, Active Directory, desktops, and mobile devices."
Azure Monitor,4.5,333,Microsoft enables digital transformation for the era of an intelligent cloud and an intelligent edge. Its mission is to empower every person and every organization on the planet to achieve more. Microsoft is dedicated to...
IBM Instana Observability,4.3,298,"IBM is a well-established entity focused on technology and development. The primary mission revolves around fostering technological growth and enhancing infrastructure, achieved through focused developments and consulting services. By encouraging inventiveness and innovation, it is..."
Elastic Observability,4.4,247,"Elastic enables organizations to securely harness search-powered AI so anyone can find the answers they need in real-time using all their data, at scale. By integrating AI with search technology, it facilitates the discovery of..."
Splunk Observability Cloud,4.3,176,"Splunk operates in the realm of digital security and observability to facilitate safer and more resilient digital infrastructures. The company delivers a unified platform equipped with capabilities to maintain the secure operations of an organization,..."
LM Envision,4.4,174,"LogicMonitor offers hybrid observability powered by AI. The company’s SaaS-based platform, LM Envision, enables observability across on-prem and multi-cloud environments. LogicMonitor provides IT and business teams operational visibility and predictability across their technologies and applications..."
Grafana Cloud,4.5,115,"Grafana Labs provides an open and composable monitoring and observability stack built around Grafana, the open source technology for dashboards and visualization. There are more than 2,000 Grafana Labs customers and more than 900,000 active..."
SolarWinds Observability,4.5,95,"SolarWinds (NYSE:SWI) provides simple, powerful, secure observability and IT management software built to enable customers to accelerate their digital transformation. Our solutions provide organizations worldwide—regardless of type, size, or complexity—with a comprehensive and unified view..."
Dynatrace AppMon (Legacy),4.4,91,Dynatrace exists to make the world’s software work perfectly. Our unified platform combines broad and deep observability and continuous runtime application security with the most advanced AIOps to provide answers and intelligent automation from data...
ManageEngine Site24x7,4.6,84,"As the enterprise IT management division of Zoho Corp., ManageEngine empowers you to take control of your IT, from your security, networks, and servers to your applications, service desk, Active Directory, desktops, and mobile devices."
Grafana Enterprise Stack,4.4,73,"Grafana Labs provides an open and composable monitoring and observability stack built around Grafana, the open source technology for dashboards and visualization. There are more than 2,000 Grafana Labs customers and more than 900,000 active..."
Chronosphere Platform,4.7,70,"Chronosphere is the observability platform built for control. Chronosphere empowers customers to focus on the data and insights that matter by reducing data complexity, optimizing costs, and remediating faster. The observability platform reduces data volumes..."
Sumo Logic SaaS Log Analytics Platform,4.2,66,"Sumo Logic, Inc. unifies and analyzes enterprise data, translating it into actionable insights through one AI-powered cloud-native log analytics platform. This single source of truth enables Dev, Sec and Ops teams to simplify complexity, collaborate..."
DX Application Performance Management,4.7,60,"Broadcom Inc. is a global entity focusing on the design, development, and supply of semiconductor and infrastructure software solutions. Through these operations, the firm addresses the primary issue of providing efficient top-notch technology-based solutions."
Coralogix,4.5,58,"The focus of the company is to reconstruct the approach to observability via a real-time streaming analytics pipeline. This pipeline offers monitoring, visualization, and alerting capabilities whilst eliminating the challenges of indexing and excessive costs...."
